id,name,created_at,updated_at
1,task1,2023-02-01 17:23:52.312833,
1,task2,2023-02-01 17:31:08.659286,
2,kjnk,2023-02-01 17:45:52.520572,
3,mnkj,2023-02-01 17:46:06.050799,
4,sdkj,2023-02-01 17:46:22.066651,
5,kjn,2023-02-01 17:56:12.593382,
6,mjnk,2023-02-01 17:56:39.143326,
7,kjn,2023-02-01 17:57:09.803218,
8,nbj,2023-02-01 17:58:37.998209,
9,kjnij,2023-02-01 17:59:48.983104,
10,kjnj,2023-02-01 18:00:08.653436,
11,123,2023-02-01 18:01:48.549638,
12,kjn,2023-02-01 18:03:42.805017,
13,kjjmkj,2023-02-01 18:05:36.852995,
14,jni,2023-02-01 18:06:32.076860,
15,kjnjkn,2023-02-01 18:06:45.034256,
16,kjnjkn,2023-02-01 18:07:09.508553,
17,kjnjkn,2023-02-01 18:07:10.982231,
18,kjnjkn,2023-02-01 18:07:12.111009,
19,kjnjkn,2023-02-01 18:07:13.331618,
20,kjnjkn,2023-02-01 18:07:15.323972,
21,kjnjkn,2023-02-01 18:07:17.389179,
22,kjnjkn,2023-02-01 18:07:24.658729,
23,kjm,2023-02-01 18:08:12.080903,
24,123,2023-02-03 10:16:09.874420,
25,sqsqsqsqs,2023-02-03 10:16:19.202209,
26,sqsqsqsqs,2023-02-03 10:16:21.306413,
27,sqsqsqsqs,2023-02-03 10:16:23.594420,
28,ssqsqsqsq,2023-02-03 10:16:26.626514,
29,ddd,2023-02-03 10:24:39.196029,
30,d,2023-02-03 10:28:30.811661,
31,dsds,2023-02-03 10:36:28.450004,
32,dsdsds,2023-02-03 10:36:30.777881,
33,dsdsds,2023-02-03 10:36:33.017760,
34,cd,2023-02-03 10:38:11.089003,
35,,2023-02-03 10:52:25.612368,
36,,2023-02-03 10:53:51.140276,
37,,2023-02-03 10:54:06.900175,
38,,2023-02-03 10:54:48.500211,
39,,2023-02-03 10:55:06.364111,
40,,2023-02-03 15:11:03.209163,
41,,2023-02-03 15:11:03.905107,
42,2,2023-02-03 15:11:05.353144,
